Emp ID,Name Prefix,First Name,Middle Initial,Last Name,Gender,E Mail,Father's Name,Mother's Name,Mother's Maiden Name,Date of Birth,Time of Birth,Age in Yrs.,Date of Joining,User Name,Password
677509,Drs.,Lois,H,Walker,F,lois.walker@hotmail.com,Donald Walker,Helen Walker,Lewis,3/29/1981,2:31:49 AM,36.36,11/24/2003,lhwalker,DCa}.T}X:v?NP
940761,Ms.,Brenda,S,Robinson,F,brenda.robinson@gmail.com,Raymond Robinson,Judy Robinson,Perry,7/31/1970,12:13:27 PM,47.02,7/27/2008,bsrobinson,TCo\j#Zg;SQ~o
428945,Dr.,Joe,W,Robinson,M,joe.robinson@gmail.com,Scott Robinson,Stephanie Robinson,Taylor,6/16/1963,10:45:36 AM,54.15,8/3/2016,jwrobinson,GO4$J8MiEh[A
408351,Drs.,Diane,I,Evans,F,diane.evans@yahoo.com,Jason Evans,Michelle Evans,Allen,12/4/1977,2:18:45 AM,39.67,4/16/1999,dievans,0gGRtp1HfL<r5
193819,Mr.,Benjamin,R,Russell,M,benjamin.russell@charter.net,Gregory Russell,Elizabeth Russell,Nelson,4/17/1977,5:41:11 PM,40.31,7/25/2013,brrussell,Rd<Y8cp!@R;*%F
499687,Mr.,Patrick,F,Bailey,M,patrick.bailey@aol.com,Ralph Bailey,Laura Bailey,Henderson,9/27/1982,1:12:41 PM,34.86,7/22/2005,pfbailey,K7&5aY/*
539712,Ms.,Nancy,T,Baker,F,nancy.baker@bp.com,Scott Baker,Judy Baker,Thomas,6/13/1995,8:56:32 PM,22.14,9/14/2016,ntbaker,xJdKlAcYQhT_BE#
380086,Mrs.,Carol,V,Murphy,F,carol.murphy@gmail.com,Eugene Murphy,Katherine Murphy,Peterson,6/30/1958,10:39:33 AM,59.12,1/28/1983,cvmurphy,Uc+VG%vuZU<k
477616,Hon.,Frances,B,Young,F,frances.young@gmail.com,Fred Young,Lillian Young,Diaz,6/9/1959,4:38:47 PM,58.18,4/27/1994,fbyoung,K}^USc0l7[A
162402,Hon.,Diana,T,Peterson,F,diana.peterson@hotmail.co.uk,Jonathan Peterson,Christina Peterson,Ross,11/13/1987,3:59:26 AM,29.73,2/17/2014,dtpeterson,3o8>v&tYxjyEAo
231469,Mr.,Ralph,L,Flores,M,ralph.flores@yahoo.com,Terry Flores,Michelle Flores,Moore,2/5/1975,2:15:50 AM,42.5,4/14/2009,rlflores,7tP\LrSr}\qTqj
153989,Prof.,Jack,C,Alexander,M,jack.alexander@gmail.com,Samuel Alexander,Sharon Alexander,Walker,5/19/1995,4:33:57 PM,22.21,1/5/2017,jcalexander,9L*-O1U.9mSUSh
386158,Mrs.,Melissa,Q,King,F,melissa.king@comcast.net,Philip King,Maria King,White,2/24/1972,6:04:57 PM,45.45,11/24/2015,mqking,FE5i<e-Y}[4f78
301576,Hon.,Wayne,G,Watson,M,wayne.watson@gmail.com,Ronald Watson,Margaret Watson,Hayes,6/26/1996,12:23:21 AM,21.1,7/19/2017,wgwatson,wM4J{]&j\-eGc
441771,Mrs.,Cheryl,O,Scott,F,cheryl.scott@gmail.com,Richard Scott,Lois Scott,Watson,2/23/1958,6:59:29 PM,59.47,11/26/1990,coscott,Vbb+~2N|_yR
528509,Hon.,Paula,G,Diaz,F,paula.diaz@gmail.com,Alan Diaz,Kathryn Diaz,Powell,8/22/1966,8:11:15 PM,50.97,8/22/1994,pgdiaz,3Kg55luU
912990,Mr.,Joshua,T,Stewart,M,joshua.stewart@yahoo.ca,Todd Stewart,Martha Stewart,Jones,5/18/1970,3:47:46 AM,47.23,9/2/2002,jtstewart,K?vi9BBznj
214352,Ms.,Theresa,G,Lee,F,theresa.lee@gmail.com,John Lee,Rebecca Lee,Turner,12/5/1992,9:20:52 AM,24.66,1/19/2015,tglee,JS#hN&Xij\%QEr
890290,Hon.,Julia,S,Scott,F,julia.scott@apple.com,Lawrence Scott,Amy Scott,King,7/15/1959,9:24:39 PM,58.08,2/23/2005,jsscott,r.:Q7c^Tpb
622406,Mr.,Thomas,Q,Lewis,M,thomas.lewis@gmail.com,Ryan Lewis,Lois Lewis,Price,10/4/1967,8:28:14 PM,49.85,6/7/1998,tqlewis,y;OJd_Oa#4g|!G
979607,Ms.,Carol,J,Edwards,F,carol.edwards@msn.com,Shawn Edwards,Susan Edwards,Gray,12/14/1994,9:28:36 AM,22.64,4/25/2016,cjedwards,wi>v-a9gt
969580,Prof.,Matthew,L,Turner,M,matthew.turner@gmail.com,Jose Turner,Kathy Turner,Cox,10/26/1993,1:37:48 AM,23.77,2/7/2016,mlturner,I>tL>d[|lZdi_|^
426038,Hon.,Joan,C,Stewart,F,joan.stewart@yahoo.com,Charles Stewart,Julia Stewart,Collins,11/20/1972,11:14:04 AM,44.72,12/30/2009,jcstewart,q@mq.U~D#1MPgZ
388642,Mrs.,Ruby,R,Rogers,F,ruby.rogers@gmail.com,Ronald Rogers,Teresa Rogers,Alexander,5/1/1980,1:08:30 PM,37.27,8/30/2013,rrrogers,t>#P@D9s<:9\V
560455,Ms.,Carolyn,V,Hayes,F,carolyn.hayes@hotmail.co.uk,Jimmy Hayes,Sara Hayes,Foster,3/10/1958,12:52:37 PM,59.42,7/3/2001,cvhayes,NY!Y2sw.[_v-Q9{
477253,Mrs.,Anne,L,Russell,F,anne.russell@ibm.com,Jimmy Russell,Stephanie Russell,Richardson,7/29/1989,2:57:12 AM,28.02,11/24/2013,alrussell,c8Nk&Y^~Vz!2
263480,Hon.,Daniel,K,Cooper,M,daniel.cooper@yahoo.com,Louis Cooper,Julie Cooper,Murphy,1/1/1990,7:24:56 PM,27.59,3/6/2014,dkcooper,d8p{Pwx2fsW0-Z
683826,Mr.,Roger,L,Roberts,M,roger.roberts@gmail.com,Antonio Roberts,Katherine Roberts,Brooks,7/7/1969,3:46:56 PM,48.09,1/29/2009,rlroberts,41:C_0ik|Jb0iTO
474599,Drs.,Maria,W,Walker,F,maria.walker@microsoft.com,Ralph Walker,Teresa Walker,Brooks,3/19/1975,11:07:50 PM,42.39,10/1/1998,mwwalker,cw?%U}s{?
335732,Ms.,Brenda,M,Butler,F,brenda.butler@gmail.com,Phillip Butler,Joyce Butler,Thomas,12/6/1963,3:15:30 AM,53.68,8/20/1987,bmbutler,u+CtpZ~gyR*>
329752,Hon.,Lillian,X,Brown,F,lillian.brown@aol.com,Gary Brown,Virginia Brown,Wood,5/12/1981,12:00:55 AM,36.24,4/13/2015,lxbrown,CG-M5~z:
893212,Ms.,Amy,B,Howard,F,amy.howard@aol.com,James Howard,Virginia Howard,Collins,6/16/1981,4:20:22 AM,36.14,6/1/2003,abhoward,tNo::TEG
621833,Mr.,Gregory,X,Edwards,M,gregory.edwards@outlook.com,Jose Edwards,Helen Edwards,Howard,8/31/1993,12:23:15 AM,23.92,9/30/2015,gxedwards,V^sVy*MO{
456747,Mr.,Roy,Z,Griffin,M,roy.griffin@yahoo.com,Benjamin Griffin,Wanda Griffin,Simmons,5/8/1991,12:13:48 AM,26.24,8/23/2012,rzgriffin,qm&h<b.NsKaZ
278556,Prof.,Richard,Y,Mitchell,M,richard.mitchell@verizon.net,Peter Mitchell,Andrea Mitchell,Flores,7/28/1993,6:30:29 AM,24.02,8/18/2016,rymitchell,RWeXJPOi:KpX<Rn
333476,Hon.,Mary,P,Wilson,F,mary.wilson@sbcglobal.net,Robert Wilson,Jennifer Wilson,Patterson,12/1/1967,1:45:41 AM,49.69,12/22/1991,mpwilson,Pwl&W:|<_
218791,Mr.,Aaron,N,Price,M,aaron.price@bp.com,Michael Price,Diana Price,Torres,2/10/1969,3:42:13 AM,48.49,7/3/1997,anprice,uKxgV4uO&k@
134841,Ms.,Donna,R,Brown,F,donna.brown@aol.com,Adam Brown,Irene Brown,James,9/14/1983,5:05:35 AM,33.89,7/17/2013,drbrown,u?%QOo2ykK
726264,Hon.,Carl,N,Collins,M,carl.collins@yahoo.com,Gerald Collins,Phyllis Collins,Rodriguez,12/22/1973,2:18:24 PM,43.63,6/9/2007,cncollins,XinULSmjAFL/
766610,Ms.,Joyce,E,Jenkins,F,joyce.jenkins@aol.com,Edward Jenkins,Susan Jenkins,Hayes,8/22/1961,2:54:56 AM,55.97,5/14/2010,jejenkins,C5/iW3Ry#o{~elV
923947,Ms.,Mary,G,Bryant,F,mary.bryant@verizon.net,Joshua Bryant,Norma Bryant,Harris,6/21/1962,12:02:11 AM,55.14,5/20/2004,mgbryant,A[iR?Z1{
227922,Hon.,Amanda,M,Hughes,F,amanda.hughes@rediffmail.com,Roy Hughes,Cynthia Hughes,Bryant,7/29/1982,2:43:26 AM,35.02,4/19/2007,amhughes,B2N>J{_k7]F
265813,Hon.,Jack,E,Campbell,M,jack.campbell@gmail.com,Philip Campbell,Wanda Campbell,Watson,1/4/1985,2:25:34 PM,32.58,7/29/2007,jecampbell,rh\N>WRr4hl~l
247137,Mr.,Alan,E,Rivera,M,alan.rivera@apple.com,Bobby Rivera,Jennifer Rivera,Jackson,12/11/1978,9:46:54 PM,38.65,6/7/2006,aerivera,rSuD~3HS*{S
407061,Ms.,Elizabeth,Q,Jackson,F,elizabeth.jackson@aol.com,Scott Jackson,Catherine Jackson,Jackson,8/15/1964,5:45:35 AM,52.99,1/19/2005,eqjackson,EAHcnWsf6xMRwr]
226714,Drs.,Nancy,L,Davis,F,nancy.davis@ibm.com,Bruce Davis,Jessica Davis,Moore,11/14/1983,2:51:17 AM,33.73,8/25/2012,nldavis,bv-KfTutT?0*pm
702813,Mr.,Ernest,D,Martinez,M,ernest.martinez@gmail.com,Ryan Martinez,Beverly Martinez,Hill,11/9/1989,10:28:03 PM,27.73,1/24/2016,edmartinez,qe?JNGBY{[\7;dD
524896,Ms.,Judy,Y,Hernandez,F,judy.hernandez@gmail.com,Fred Hernandez,Pamela Hernandez,Evans,3/25/1961,5:49:46 AM,56.38,12/27/2011,jyhernandez,kiB:v!j&?D!&NYY
363065,Drs.,Nancy,L,Jones,F,nancy.jones@gmail.com,Eugene Jones,Sandra Jones,Jenkins,11/10/1993,3:06:00 AM,23.73,10/16/2015,nljones,J}HJq/zVF-Aq2
879753,Mrs.,Pamela,X,Wright,F,pamela.wright@aol.com,Terry Wright,Debra Wright,Williams,4/14/1996,3:43:43 AM,21.3,6/9/2017,pxwright,3a*&[Y^pV\0!rU
958326,Mr.,Larry,T,Miller,M,larry.miller@shell.com,Russell Miller,Mildred Miller,Ward,10/31/1988,8:55:23 AM,28.76,2/22/2017,ltmiller,2WgF#:ew**x#
447813,Mrs.,Ann,Q,Coleman,F,ann.coleman@ibm.com,Harold Coleman,Tina Coleman,Walker,5/11/1989,9:46:13 PM,28.23,11/19/2013,aqcoleman,g2]GlvlL5
525955,Drs.,Judy,C,Gonzales,F,judy.gonzales@gmail.com,Kevin Gonzales,Sharon Gonzales,Perez,6/17/1959,7:11:37 PM,58.15,1/3/1992,jcgonzales,yDl}pfaWs{Hro6
818384,Mr.,Peter,X,Washington,M,peter.washington@bp.com,Douglas Washington,Jean Washington,Henderson,11/6/1982,7:45:32 AM,34.75,11/29/2009,pxwashington,97%d^2rk41!E>*Q
971640,Prof.,Clarence,A,Ross,M,clarence.ross@apple.com,Arthur Ross,Louise Ross,Washington,12/13/1960,7:34:07 PM,56.66,12/31/2008,caross,h&jmac@+QD?B
253573,Ms.,Sharon,E,Lopez,F,sharon.lopez@gmail.com,Daniel Lopez,Susan Lopez,Hayes,5/4/1991,6:24:30 AM,26.25,3/7/2014,selopez,GsP~S?FYY
904898,Drs.,Ann,Q,Cooper,F,ann.cooper@exxonmobil.com,Harold Cooper,Mildred Cooper,Williams,12/25/1992,3:01:52 AM,24.61,2/15/2017,aqcooper,i_^#>]tFpt
515103,Ms.,Anne,A,Perez,F,anne.perez@sbcglobal.net,Douglas Perez,Doris Perez,Bailey,5/5/1958,1:44:42 AM,59.27,7/28/2003,aaperez,y;n9A#}b
491943,Mrs.,Nancy,P,Howard,F,nancy.howard@gmail.com,Gregory Howard,Mildred Howard,Flores,5/5/1961,9:17:37 PM,56.27,2/6/1999,nphoward,OC\&tG&?c
750173,Mr.,Antonio,R,Roberts,M,antonio.roberts@hotmail.com,Timothy Roberts,Diana Roberts,Rodriguez,8/27/1995,2:47:04 PM,21.93,5/1/2017,arroberts,h>.g!B:VcNN
687017,Ms.,Frances,P,Watson,F,frances.watson@outlook.com,Adam Watson,Diana Watson,Jones,1/30/1961,11:52:21 PM,56.53,8/20/2010,fpwatson,rjV1$at!wq53a$
241882,Ms.,Debra,G,Wood,F,debra.wood@hotmail.com,Martin Wood,Theresa Wood,Perry,10/30/1969,6:58:21 AM,47.78,1/10/1991,dgwood,iO8B@*yA*mG6b9o
758872,Mr.,Henry,Y,Jenkins,M,henry.jenkins@hotmail.com,Albert Jenkins,Beverly Jenkins,Murphy,11/6/1984,2:58:05 PM,32.75,6/21/2017,hyjenkins,zPnRU5Bo
940922,Hon.,Melissa,X,Butler,F,melissa.butler@hotmail.com,Robert Butler,Anne Butler,Jackson,11/14/1994,8:44:14 AM,22.72,2/5/2017,mxbutler,hY3BqUR>6F
917937,Mr.,Todd,H,Hall,M,todd.hall@yahoo.com,Thomas Hall,Kathleen Hall,Morgan,8/31/1991,4:54:02 AM,25.93,5/8/2016,thhall,Lgdb8q<0L@-/
917395,Hon.,Christopher,D,Nelson,M,christopher.nelson@aol.com,Jeffrey Nelson,Cynthia Nelson,Sanders,3/29/1960,5:56:17 PM,57.37,11/8/1997,cdnelson,QKae{1EP1A[SeX
183071,Drs.,Andrea,P,Garcia,F,andrea.garcia@aol.com,Mark Garcia,Nicole Garcia,Howard,7/6/1985,12:49:53 AM,32.08,4/18/2010,apgarcia,eI!^kXR]Q^V+
316110,Mr.,Jeremy,I,Sanchez,M,jeremy.sanchez@hotmail.com,Albert Sanchez,Patricia Sanchez,Ross,2/5/1965,4:25:09 PM,52.51,4/2/2006,jisanchez,Yg#Z+:CDwDV<*xZ
293459,Mr.,Steven,J,Phillips,M,steven.phillips@hotmail.com,Jason Phillips,Gloria Phillips,Lewis,9/12/1986,5:00:38 AM,30.9,3/27/2015,sjphillips,ht}X55$P&g1
732017,Ms.,Cynthia,J,Ramirez,F,cynthia.ramirez@btinternet.com,Walter Ramirez,Evelyn Ramirez,Smith,9/22/1982,10:04:25 PM,34.87,2/18/2009,cjramirez,qP-#AhuNuz*Wb]
915638,Dr.,Jason,W,Anderson,M,jason.anderson@gmail.com,Brandon Anderson,Julia Anderson,Baker,1/3/1974,6:47:06 PM,43.59,9/21/1999,jwanderson,a3Hlk+.V/TjD
478003,Hon.,Cynthia,X,White,F,cynthia.white@gmail.com,Nicholas White,Katherine White,Turner,6/15/1963,12:19:06 PM,54.16,3/4/2004,cxwhite,mofyGR>.?Dwb4!
951225,Ms.,Margaret,N,Brooks,F,margaret.brooks@gmail.com,Johnny Brooks,Debra Brooks,Robinson,6/27/1992,6:57:19 AM,25.1,8/26/2016,mnbrooks,0*2k8uW&:{i{
883936,Mr.,Douglas,I,Flores,M,douglas.flores@gmail.com,Justin Flores,Kathy Flores,Ramirez,4/21/1986,1:44:47 AM,31.29,9/10/2009,diflores,9||FLq|0tU|9>v
528673,Hon.,Paul,V,Watson,M,paul.watson@hotmail.com,Carl Watson,Anna Watson,Bennett,3/9/1959,5:19:17 AM,58.43,6/26/1995,pvwatson,7q{iHhbgWZ7%
765850,Mrs.,Linda,R,Moore,F,linda.moore@gmail.com,Howard Moore,Diana Moore,Smith,8/18/1991,8:22:55 AM,25.96,5/15/2017,lrmoore,0jj}jl_r/VmJ;
262382,Ms.,Cheryl,O,Miller,F,cheryl.miller@ntlworld.com,Gerald Miller,Christine Miller,Mitchell,4/20/1985,5:42:38 PM,32.29,7/30/2007,comiller,Nr-t/.^cWBO
870820,Ms.,Martha,G,Washington,F,martha.washington@aol.com,Todd Washington,Carolyn Washington,Reed,3/28/1991,5:37:33 AM,26.35,3/3/2017,mgwashington,ju$7I]eH8{-
806955,Mr.,William,G,Hernandez,M,william.hernandez@rediffmail.com,Peter Hernandez,Deborah Hernandez,Jones,7/22/1967,8:22:32 AM,50.05,3/21/2000,wghernandez,BRB3DFywgZZ4
325319,Hon.,Carolyn,F,Price,F,carolyn.price@yahoo.com,Kevin Price,Patricia Price,Williams,5/30/1976,1:24:46 AM,41.19,11/5/2014,cfprice,K*$u@MAoH
623253,Mrs.,Ruby,Q,Stewart,F,ruby.stewart@gmail.com,Paul Stewart,Paula Stewart,Jackson,10/23/1968,12:02:38 AM,48.79,7/2/2017,rqstewart,C\RjCUPJd[Ld]
225925,Mr.,Paul,D,Cooper,M,paul.cooper@gmail.com,Nicholas Cooper,Helen Cooper,Hill,8/12/1991,11:14:26 PM,25.98,9/8/2014,pdcooper,hW%ZbJ\fZ-
761821,Mr.,Ernest,G,Washington,M,ernest.washington@msn.com,Johnny Washington,Shirley Washington,Harris,10/28/1984,11:37:48 AM,32.77,1/31/2015,egwashington,B\Wb^6W-
400173,Ms.,Dorothy,K,Edwards,F,dorothy.edwards@hotmail.co.uk,Dennis Edwards,Betty Edwards,Howard,1/19/1984,1:51:05 AM,33.55,12/31/2013,dkedwards,VWEIm3YKm65|D
802554,Mr.,Ryan,V,Alexander,M,ryan.alexander@shell.com,William Alexander,Elizabeth Alexander,Gray,8/1/1993,6:26:20 PM,24.01,8/31/2014,rvalexander,3N3]VFZx?MaC{
476433,Ms.,Lillian,N,Mitchell,F,lillian.mitchell@shaw.ca,Harry Mitchell,Marie Mitchell,Murphy,10/23/1974,6:40:13 PM,42.79,12/7/1999,lnmitchell,Ty/b@+;f
533952,Ms.,Kelly,R,Adams,F,kelly.adams@bp.com,Eric Adams,Janice Adams,Brooks,5/23/1975,1:54:27 PM,42.21,7/4/2013,kradams,OfK?#J|7&W\1T
623929,Prof.,Jimmy,R,Howard,M,jimmy.howard@yahoo.com,Nicholas Howard,Patricia Howard,Hayes,11/27/1966,10:37:53 AM,50.7,12/12/2007,jrhoward,0v+|SfA0Xv+Pf%
844177,Ms.,Margaret,T,Allen,F,margaret.allen@gmail.com,Michael Allen,Karen Allen,Morris,9/8/1981,10:10:26 PM,35.91,5/17/2013,mtallen,oC1OHlW%Sk@%6
212893,Ms.,Janet,Y,Henderson,F,janet.henderson@ntlworld.com,Jerry Henderson,Julie Henderson,Cooper,12/24/1979,10:43:47 AM,37.62,12/18/2012,jyhenderson,g-oCs-L/za
185032,Mr.,Eugene,D,Perez,M,eugene.perez@exxonmobil.com,Jimmy Perez,Lois Perez,Hall,10/6/1979,11:02:58 AM,37.84,12/8/2014,edperez,g]SJn<W_/#
867084,Ms.,Deborah,E,Smith,F,deborah.smith@yahoo.com,Richard Smith,Diana Smith,Bennett,10/31/1977,8:14:09 PM,39.77,3/4/2002,desmith,C[WxHsB9
969964,Hon.,Janice,S,Parker,F,janice.parker@yahoo.com,Paul Parker,Alice Parker,Perez,1/12/1980,8:38:06 AM,37.57,8/23/2016,jsparker,8wUbWmuib
158666,Ms.,Rebecca,A,Stewart,F,rebecca.stewart@gmail.com,Roger Stewart,Carol Stewart,Cox,8/11/1961,11:08:01 PM,56,4/10/1983,rastewart,7ONuh3Zi^z#32r
489424,Dr.,Phillip,F,White,M,phillip.white@gmail.com,Harold White,Frances White,Carter,3/4/1978,11:45:07 PM,39.43,1/5/2016,pfwhite,8<Mc.5]eu.*C8.
639892,Mr.,Jose,K,Hill,M,jose.hill@hotmail.com,Carlos Hill,Anna Hill,Hayes,10/8/1994,5:23:39 AM,22.82,7/9/2016,jkhill,a_!SKb6h3?w*Mad
704709,Dr.,Harold,Z,Nelson,M,harold.nelson@gmail.com,Richard Nelson,Pamela Nelson,Smith,12/24/1984,9:00:17 PM,32.61,8/23/2011,hznelson,z/-hEz3&^q5
461593,Ms.,Nicole,O,Ward,F,nicole.ward@yahoo.com,Ralph Ward,Julia Ward,Lee,12/12/1964,7:12:20 AM,52.66,1/23/1989,noward,AUe6s0@:@]A3Ze
392491,Mrs.,Theresa,R,Murphy,F,theresa.murphy@gmail.com,George Murphy,Jacqueline Murphy,Peterson,12/30/1987,5:56:10 AM,29.6,8/3/2010,trmurphy,V]PGw>4h9
495141,Drs.,Tammy,B,Young,F,tammy.young@comcast.net,Andrew Young,Brenda Young,Robinson,3/22/1979,10:26:52 PM,38.38,4/25/2015,tbyoung,d6!&xu12A1H^i![
