Emp ID,Name Prefix,First Name,Middle Initial,Last Name,Gender,E Mail,Father's Name,Mother's Name,Mother's Maiden Name,Date of Birth,Time of Birth,Age in Yrs.,Weight in Kgs.,Date of Joining,Quarter of Joining,Half of Joining,Year of Joining,Month of Joining,Month Name of Joining,Short Month,Day of Joining,DOW of Joining,Short DOW,Age in Company (Years),Salary,Last % Hike,SSN,Phone No. ,Place Name,County,City,State,Zip,Region,User Name,Password
677509,Drs.,Lois,H,Walker,F,lois.walker@hotmail.com,Donald Walker,Helen Walker,Lewis,3/29/1981,2:31:49 AM,36.36,60,11/24/2003,Q4,H2,2003,11,November,Nov,24,Monday,Mon,13.68,168251,21%,467-99-4677,303-572-8492,Denver,Denver,Denver,CO,80224,West,lhwalker,DCa}.T}X:v?NP
940761,Ms.,Brenda,S,Robinson,F,brenda.robinson@gmail.com,Raymond Robinson,Judy Robinson,Perry,7/31/1970,12:13:27 PM,47.02,60,7/27/2008,Q3,H2,2008,7,July,Jul,27,Sunday,Sun,9.01,51063,27%,537-71-4566,225-945-4954,Stonewall,De Soto,Stonewall,LA,71078,South,bsrobinson,TCo\j#Zg;SQ~o
428945,Dr.,Joe,W,Robinson,M,joe.robinson@gmail.com,Scott Robinson,Stephanie Robinson,Taylor,6/16/1963,10:45:36 AM,54.15,68,8/3/2016,Q3,H2,2016,8,August,Aug,3,Wednesday,Wed,0.98,50155,16%,025-92-3584,219-904-2161,Michigantown,Clinton,Michigantown,IN,46057,Midwest,jwrobinson,GO4$J8MiEh[A
408351,Drs.,Diane,I,Evans,F,diane.evans@yahoo.com,Jason Evans,Michelle Evans,Allen,12/4/1977,2:18:45 AM,39.67,51,4/16/1999,Q2,H1,1999,4,April,Apr,16,Friday,Fri,18.3,180294,1%,314-35-9851,215-793-6791,Hydetown,Crawford,Hydetown,PA,16328,Northeast,dievans,0gGRtp1HfL<r5
193819,Mr.,Benjamin,R,Russell,M,benjamin.russell@charter.net,Gregory Russell,Elizabeth Russell,Nelson,4/17/1977,5:41:11 PM,40.31,58,7/25/2013,Q3,H2,2013,7,July,Jul,25,Thursday,Thu,4.01,117642,13%,121-98-7248,262-404-2252,Fremont,Waupaca,Fremont,WI,54940,Midwest,brrussell,Rd<Y8cp!@R;*%F
499687,Mr.,Patrick,F,Bailey,M,patrick.bailey@aol.com,Ralph Bailey,Laura Bailey,Henderson,9/27/1982,1:12:41 PM,34.86,58,7/22/2005,Q3,H2,2005,7,July,Jul,22,Friday,Fri,12.02,72305,5%,439-99-7721,319-812-6957,Macksburg,Madison,Macksburg,IA,50155,Midwest,pfbailey,K7&5aY/*
539712,Ms.,Nancy,T,Baker,F,nancy.baker@bp.com,Scott Baker,Judy Baker,Thomas,6/13/1995,8:56:32 PM,22.14,50,9/14/2016,Q3,H2,2016,9,September,Sep,14,Wednesday,Wed,0.87,98189,0%,641-29-2071,229-336-5117,Atlanta,Fulton,Atlanta,GA,30334,South,ntbaker,xJdKlAcYQhT_BE#
380086,Mrs.,Carol,V,Murphy,F,carol.murphy@gmail.com,Eugene Murphy,Katherine Murphy,Peterson,6/30/1958,10:39:33 AM,59.12,40,1/28/1983,Q1,H1,1983,1,January,Jan,28,Friday,Fri,34.52,60918,20%,423-67-7023,216-336-0009,Blanchester,Clinton,Blanchester,OH,45107,Midwest,cvmurphy,Uc+VG%vuZU<k
477616,Hon.,Frances,B,Young,F,frances.young@gmail.com,Fred Young,Lillian Young,Diaz,6/9/1959,4:38:47 PM,58.18,42,4/27/1994,Q2,H1,1994,4,April,Apr,27,Wednesday,Wed,23.27,121587,28%,028-92-8912,210-819-9765,Delmita,Starr,Delmita,TX,78536,South,fbyoung,K}^USc0l7[A
162402,Hon.,Diana,T,Peterson,F,diana.peterson@hotmail.co.uk,Jonathan Peterson,Christina Peterson,Ross,11/13/1987,3:59:26 AM,29.73,60,2/17/2014,Q1,H1,2014,2,February,Feb,17,Monday,Mon,3.44,43010,4%,512-33-6767,479-783-5656,Eureka Springs,Carroll,Eureka Springs,AR,72632,South,dtpeterson,3o8>v&tYxjyEAo
231469,Mr.,Ralph,L,Flores,M,ralph.flores@yahoo.com,Terry Flores,Michelle Flores,Moore,2/5/1975,2:15:50 AM,42.5,80,4/14/2009,Q2,H1,2009,4,April,Apr,14,Tuesday,Tue,8.29,118457,8%,302-15-0130,316-280-2864,Sabetha,Nemaha,Sabetha,KS,66534,Midwest,rlflores,7tP\LrSr}\qTqj
153989,Prof.,Jack,C,Alexander,M,jack.alexander@gmail.com,Samuel Alexander,Sharon Alexander,Walker,5/19/1995,4:33:57 PM,22.21,61,1/5/2017,Q1,H1,2017,1,January,Jan,5,Thursday,Thu,0.56,82965,23%,428-99-9413,702-603-3769,Las Vegas,Clark,Las Vegas,NV,89170,West,jcalexander,9L*-O1U.9mSUSh
386158,Mrs.,Melissa,Q,King,F,melissa.king@comcast.net,Philip King,Maria King,White,2/24/1972,6:04:57 PM,45.45,55,11/24/2015,Q4,H2,2015,11,November,Nov,24,Tuesday,Tue,1.68,166892,1%,277-17-9106,216-605-3731,New Matamoras,Washington,New Matamoras,OH,45767,Midwest,mqking,FE5i<e-Y}[4f78
301576,Hon.,Wayne,G,Watson,M,wayne.watson@gmail.com,Ronald Watson,Margaret Watson,Hayes,6/26/1996,12:23:21 AM,21.1,87,7/19/2017,Q3,H2,2017,7,July,Jul,19,Wednesday,Wed,0.02,92758,14%,011-94-6649,701-231-9370,Maida,Cavalier,Maida,ND,58255,Midwest,wgwatson,wM4J{]&j\-eGc
441771,Mrs.,Cheryl,O,Scott,F,cheryl.scott@gmail.com,Richard Scott,Lois Scott,Watson,2/23/1958,6:59:29 PM,59.47,47,11/26/1990,Q4,H2,1990,11,November,Nov,26,Monday,Mon,26.69,92220,12%,596-94-2279,215-288-9345,Quecreek,Somerset,Quecreek,PA,15555,Northeast,coscott,Vbb+~2N|_yR
528509,Hon.,Paula,G,Diaz,F,paula.diaz@gmail.com,Alan Diaz,Kathryn Diaz,Powell,8/22/1966,8:11:15 PM,50.97,42,8/22/1994,Q3,H2,1994,8,August,Aug,22,Monday,Mon,22.95,152654,8%,234-57-7671,252-531-7641,Beulaville,Duplin,Beulaville,NC,28518,South,pgdiaz,3Kg55luU
912990,Mr.,Joshua,T,Stewart,M,joshua.stewart@yahoo.ca,Todd Stewart,Martha Stewart,Jones,5/18/1970,3:47:46 AM,47.23,68,9/2/2002,Q3,H2,2002,9,September,Sep,2,Monday,Mon,14.91,184896,1%,755-07-3676,217-279-9342,New Douglas,Madison,New Douglas,IL,62074,Midwest,jtstewart,K?vi9BBznj
214352,Ms.,Theresa,G,Lee,F,theresa.lee@gmail.com,John Lee,Rebecca Lee,Turner,12/5/1992,9:20:52 AM,24.66,59,1/19/2015,Q1,H1,2015,1,January,Jan,19,Monday,Mon,2.52,197537,1%,055-02-9969,319-553-8919,Toeterville,Mitchell,Toeterville,IA,50481,Midwest,tglee,JS#hN&Xij\%QEr
890290,Hon.,Julia,S,Scott,F,julia.scott@apple.com,Lawrence Scott,Amy Scott,King,7/15/1959,9:24:39 PM,58.08,56,2/23/2005,Q1,H1,2005,2,February,Feb,23,Wednesday,Wed,12.43,141518,3%,251-99-1941,423-939-1010,Primm Springs,Hickman,Primm Springs,TN,38476,South,jsscott,r.:Q7c^Tpb
622406,Mr.,Thomas,Q,Lewis,M,thomas.lewis@gmail.com,Ryan Lewis,Lois Lewis,Price,10/4/1967,8:28:14 PM,49.85,73,6/7/1998,Q2,H1,1998,6,June,Jun,7,Sunday,Sun,19.15,73862,3%,467-99-2604,314-679-3697,Dutchtown,Cape Girardeau,Dutchtown,MO,63745,Midwest,tqlewis,y;OJd_Oa#4g|!G
979607,Ms.,Carol,J,Edwards,F,carol.edwards@msn.com,Shawn Edwards,Susan Edwards,Gray,12/14/1994,9:28:36 AM,22.64,56,4/25/2016,Q2,H1,2016,4,April,Apr,25,Monday,Mon,1.26,93967,30%,316-35-9870,225-283-4295,Shreveport,Caddo,Shreveport,LA,71162,South,cjedwards,wi>v-a9gt
969580,Prof.,Matthew,L,Turner,M,matthew.turner@gmail.com,Jose Turner,Kathy Turner,Cox,10/26/1993,1:37:48 AM,23.77,56,2/7/2016,Q1,H1,2016,2,February,Feb,7,Sunday,Sun,1.47,52237,9%,598-92-1988,236-972-7624,Heathsville,Northumberland,Heathsville,VA,22473,South,mlturner,I>tL>d[|lZdi_|^
426038,Hon.,Joan,C,Stewart,F,joan.stewart@yahoo.com,Charles Stewart,Julia Stewart,Collins,11/20/1972,11:14:04 AM,44.72,56,12/30/2009,Q4,H2,2009,12,December,Dec,30,Wednesday,Wed,7.58,111673,12%,429-99-6443,216-637-6800,Middleport,Meigs,Middleport,OH,45760,Midwest,jcstewart,q@mq.U~D#1MPgZ
388642,Mrs.,Ruby,R,Rogers,F,ruby.rogers@gmail.com,Ronald Rogers,Teresa Rogers,Alexander,5/1/1980,1:08:30 PM,37.27,59,8/30/2013,Q3,H2,2013,8,August,Aug,30,Friday,Fri,3.91,160623,9%,236-55-0172,423-231-6507,Woodbury,Cannon,Woodbury,TN,37190,South,rrrogers,t>#P@D9s<:9\V
560455,Ms.,Carolyn,V,Hayes,F,carolyn.hayes@hotmail.co.uk,Jimmy Hayes,Sara Hayes,Foster,3/10/1958,12:52:37 PM,59.42,53,7/3/2001,Q3,H2,2001,7,July,Jul,3,Tuesday,Tue,16.08,42005,14%,730-28-1350,239-882-8784,Saint Cloud,Osceola,Saint Cloud,FL,34771,South,cvhayes,NY!Y2sw.[_v-Q9{
477253,Mrs.,Anne,L,Russell,F,anne.russell@ibm.com,Jimmy Russell,Stephanie Russell,Richardson,7/29/1989,2:57:12 AM,28.02,60,11/24/2013,Q4,H2,2013,11,November,Nov,24,Sunday,Sun,3.68,103160,29%,456-99-5619,605-635-1306,Stockholm,Grant,Stockholm,SD,57264,Midwest,alrussell,c8Nk&Y^~Vz!2
263480,Hon.,Daniel,K,Cooper,M,daniel.cooper@yahoo.com,Louis Cooper,Julie Cooper,Murphy,1/1/1990,7:24:56 PM,27.59,60,3/6/2014,Q1,H1,2014,3,March,Mar,6,Thursday,Thu,3.4,153790,13%,181-86-2024,701-510-8162,Manning,Dunn,Manning,ND,58642,Midwest,dkcooper,d8p{Pwx2fsW0-Z
683826,Mr.,Roger,L,Roberts,M,roger.roberts@gmail.com,Antonio Roberts,Katherine Roberts,Brooks,7/7/1969,3:46:56 PM,48.09,77,1/29/2009,Q1,H1,2009,1,January,Jan,29,Thursday,Thu,8.5,129625,12%,120-98-6493,206-497-3141,Mount Vernon,Skagit,Mount Vernon,WA,98273,West,rlroberts,41:C_0ik|Jb0iTO
474599,Drs.,Maria,W,Walker,F,maria.walker@microsoft.com,Ralph Walker,Teresa Walker,Brooks,3/19/1975,11:07:50 PM,42.39,41,10/1/1998,Q4,H2,1998,10,October,Oct,1,Thursday,Thu,18.84,48944,21%,447-27-3175,423-668-5506,Lawrenceburg,Lawrence,Lawrenceburg,TN,38464,South,mwwalker,cw?%U}s{?
335732,Ms.,Brenda,M,Butler,F,brenda.butler@gmail.com,Phillip Butler,Joyce Butler,Thomas,12/6/1963,3:15:30 AM,53.68,41,8/20/1987,Q3,H2,1987,8,August,Aug,20,Thursday,Thu,29.96,60508,29%,282-15-6434,480-814-8284,Mesa,Maricopa,Mesa,AZ,85208,West,bmbutler,u+CtpZ~gyR*>
329752,Hon.,Lillian,X,Brown,F,lillian.brown@aol.com,Gary Brown,Virginia Brown,Wood,5/12/1981,12:00:55 AM,36.24,49,4/13/2015,Q2,H1,2015,4,April,Apr,13,Monday,Mon,2.29,67251,22%,249-99-8821,239-812-9041,Panacea,Wakulla,Panacea,FL,32346,South,lxbrown,CG-M5~z:
893212,Ms.,Amy,B,Howard,F,amy.howard@aol.com,James Howard,Virginia Howard,Collins,6/16/1981,4:20:22 AM,36.14,52,6/1/2003,Q2,H1,2003,6,June,Jun,1,Sunday,Sun,14.17,112715,30%,686-24-2843,803-613-3168,Kline,Kline,Kline,SC,29814,South,abhoward,tNo::TEG
621833,Mr.,Gregory,X,Edwards,M,gregory.edwards@outlook.com,Jose Edwards,Helen Edwards,Howard,8/31/1993,12:23:15 AM,23.92,64,9/30/2015,Q3,H2,2015,9,September,Sep,30,Wednesday,Wed,1.83,169245,22%,010-94-6817,503-256-9654,Bonanza,Klamath,Bonanza,OR,97623,West,gxedwards,V^sVy*MO{
456747,Mr.,Roy,Z,Griffin,M,roy.griffin@yahoo.com,Benjamin Griffin,Wanda Griffin,Simmons,5/8/1991,12:13:48 AM,26.24,62,8/23/2012,Q3,H2,2012,8,August,Aug,23,Thursday,Thu,4.93,170895,19%,358-08-7660,219-506-9378,Liberty,Union,Liberty,IN,47353,Midwest,rzgriffin,qm&h<b.NsKaZ
278556,Prof.,Richard,Y,Mitchell,M,richard.mitchell@verizon.net,Peter Mitchell,Andrea Mitchell,Flores,7/28/1993,6:30:29 AM,24.02,81,8/18/2016,Q3,H2,2016,8,August,Aug,18,Thursday,Thu,0.94,122226,14%,013-94-5886,205-621-5884,Ohatchee,Calhoun,Ohatchee,AL,36271,South,rymitchell,RWeXJPOi:KpX<Rn
333476,Hon.,Mary,P,Wilson,F,mary.wilson@sbcglobal.net,Robert Wilson,Jennifer Wilson,Patterson,12/1/1967,1:45:41 AM,49.69,54,12/22/1991,Q4,H2,1991,12,December,Dec,22,Sunday,Sun,25.62,109394,16%,198-84-0652,423-937-8660,Nashville,Davidson,Nashville,TN,37219,South,mpwilson,Pwl&W:|<_
218791,Mr.,Aaron,N,Price,M,aaron.price@bp.com,Michael Price,Diana Price,Torres,2/10/1969,3:42:13 AM,48.49,56,7/3/1997,Q3,H2,1997,7,July,Jul,3,Thursday,Thu,20.08,54402,0%,491-29-5152,219-287-8926,Eckerty,Crawford,Eckerty,IN,47116,Midwest,anprice,uKxgV4uO&k@
134841,Ms.,Donna,R,Brown,F,donna.brown@aol.com,Adam Brown,Irene Brown,James,9/14/1983,5:05:35 AM,33.89,57,7/17/2013,Q3,H2,2013,7,July,Jul,17,Wednesday,Wed,4.03,129836,8%,544-81-5182,212-434-7910,Lima,Livingston,Lima,NY,14485,Northeast,drbrown,u?%QOo2ykK
726264,Hon.,Carl,N,Collins,M,carl.collins@yahoo.com,Gerald Collins,Phyllis Collins,Rodriguez,12/22/1973,2:18:24 PM,43.63,90,6/9/2007,Q2,H1,2007,6,June,Jun,9,Saturday,Sat,10.14,162159,7%,544-81-6171,479-740-7633,Wright,Jefferson,Wright,AR,72182,South,cncollins,XinULSmjAFL/
766610,Ms.,Joyce,E,Jenkins,F,joyce.jenkins@aol.com,Edward Jenkins,Susan Jenkins,Hayes,8/22/1961,2:54:56 AM,55.97,44,5/14/2010,Q2,H1,2010,5,May,May,14,Friday,Fri,7.21,119321,13%,695-16-6506,262-455-4187,Ellsworth,Pierce,Ellsworth,WI,54011,Midwest,jejenkins,C5/iW3Ry#o{~elV
923947,Ms.,Mary,G,Bryant,F,mary.bryant@verizon.net,Joshua Bryant,Norma Bryant,Harris,6/21/1962,12:02:11 AM,55.14,45,5/20/2004,Q2,H1,2004,5,May,May,20,Thursday,Thu,13.2,155442,4%,491-29-7461,319-827-3516,Conroy,Iowa,Conroy,IA,52220,Midwest,mgbryant,A[iR?Z1{
227922,Hon.,Amanda,M,Hughes,F,amanda.hughes@rediffmail.com,Roy Hughes,Cynthia Hughes,Bryant,7/29/1982,2:43:26 AM,35.02,40,4/19/2007,Q2,H1,2007,4,April,Apr,19,Thursday,Thu,10.28,114257,22%,311-35-2540,225-544-9700,Lake Charles,Calcasieu,Lake Charles,LA,70605,South,amhughes,B2N>J{_k7]F
265813,Hon.,Jack,E,Campbell,M,jack.campbell@gmail.com,Philip Campbell,Wanda Campbell,Watson,1/4/1985,2:25:34 PM,32.58,50,7/29/2007,Q3,H2,2007,7,July,Jul,29,Sunday,Sun,10.01,186280,23%,047-15-1537,316-499-5737,Kalvesta,Kalvesta,Kalvesta,KS,67856,Midwest,jecampbell,rh\N>WRr4hl~l
247137,Mr.,Alan,E,Rivera,M,alan.rivera@apple.com,Bobby Rivera,Jennifer Rivera,Jackson,12/11/1978,9:46:54 PM,38.65,80,6/7/2006,Q2,H1,2006,6,June,Jun,7,Wednesday,Wed,11.15,154810,12%,399-31-7149,423-277-6819,Knoxville,Knox,Knoxville,TN,37901,South,aerivera,rSuD~3HS*{S
407061,Ms.,Elizabeth,Q,Jackson,F,elizabeth.jackson@aol.com,Scott Jackson,Catherine Jackson,Jackson,8/15/1964,5:45:35 AM,52.99,56,1/19/2005,Q1,H1,2005,1,January,Jan,19,Wednesday,Wed,12.53,85420,24%,660-24-4434,603-568-6118,Rochester,Strafford,Rochester,NH,3867,Northeast,eqjackson,EAHcnWsf6xMRwr]
226714,Drs.,Nancy,L,Davis,F,nancy.davis@ibm.com,Bruce Davis,Jessica Davis,Moore,11/14/1983,2:51:17 AM,33.73,52,8/25/2012,Q3,H2,2012,8,August,Aug,25,Saturday,Sat,4.93,94986,11%,224-99-5928,219-610-3067,Bowling Green,Clay,Bowling Green,IN,47833,Midwest,nldavis,bv-KfTutT?0*pm
702813,Mr.,Ernest,D,Martinez,M,ernest.martinez@gmail.com,Ryan Martinez,Beverly Martinez,Hill,11/9/1989,10:28:03 PM,27.73,53,1/24/2016,Q1,H1,2016,1,January,Jan,24,Sunday,Sun,1.51,172098,8%,672-48-7749,479-951-4138,Uniontown,Crawford,Uniontown,AR,72955,South,edmartinez,qe?JNGBY{[\7;dD
524896,Ms.,Judy,Y,Hernandez,F,judy.hernandez@gmail.com,Fred Hernandez,Pamela Hernandez,Evans,3/25/1961,5:49:46 AM,56.38,40,12/27/2011,Q4,H2,2011,12,December,Dec,27,Tuesday,Tue,5.59,133332,30%,534-71-4481,316-736-6126,Topeka,Shawnee,Topeka,KS,66606,Midwest,jyhernandez,kiB:v!j&?D!&NYY
363065,Drs.,Nancy,L,Jones,F,nancy.jones@gmail.com,Eugene Jones,Sandra Jones,Jenkins,11/10/1993,3:06:00 AM,23.73,60,10/16/2015,Q4,H2,2015,10,October,Oct,16,Friday,Fri,1.78,61924,4%,681-24-3165,212-825-1930,New York City,New York,New York City,NY,10087,Northeast,nljones,J}HJq/zVF-Aq2
879753,Mrs.,Pamela,X,Wright,F,pamela.wright@aol.com,Terry Wright,Debra Wright,Williams,4/14/1996,3:43:43 AM,21.3,47,6/9/2017,Q2,H1,2017,6,June,Jun,9,Friday,Fri,0.13,149262,9%,459-99-9201,307-329-8832,Banner,Sheridan,Banner,WY,82832,West,pxwright,3a*&[Y^pV\0!rU
958326,Mr.,Larry,T,Miller,M,larry.miller@shell.com,Russell Miller,Mildred Miller,Ward,10/31/1988,8:55:23 AM,28.76,75,2/22/2017,Q1,H1,2017,2,February,Feb,22,Wednesday,Wed,0.43,97904,20%,207-84-9482,217-574-9283,East Saint Louis,St. Clair,East Saint Louis,IL,62201,Midwest,ltmiller,2WgF#:ew**x#
447813,Mrs.,Ann,Q,Coleman,F,ann.coleman@ibm.com,Harold Coleman,Tina Coleman,Walker,5/11/1989,9:46:13 PM,28.23,41,11/19/2013,Q4,H2,2013,11,November,Nov,19,Tuesday,Tue,3.69,130014,12%,027-92-0557,319-994-4179,Hancock,Pottawattamie,Hancock,IA,51536,Midwest,aqcoleman,g2]GlvlL5
525955,Drs.,Judy,C,Gonzales,F,judy.gonzales@gmail.com,Kevin Gonzales,Sharon Gonzales,Perez,6/17/1959,7:11:37 PM,58.15,51,1/3/1992,Q1,H1,1992,1,January,Jan,3,Friday,Fri,25.58,149575,9%,029-92-2155,201-640-8645,Eatontown,Monmouth,Eatontown,NJ,7724,Northeast,jcgonzales,yDl}pfaWs{Hro6
818384,Mr.,Peter,X,Washington,M,peter.washington@bp.com,Douglas Washington,Jean Washington,Henderson,11/6/1982,7:45:32 AM,34.75,70,11/29/2009,Q4,H2,2009,11,November,Nov,29,Sunday,Sun,7.67,173226,27%,039-74-8867,231-322-0316,Portage,Kalamazoo,Portage,MI,49024,Midwest,pxwashington,97%d^2rk41!E>*Q
971640,Prof.,Clarence,A,Ross,M,clarence.ross@apple.com,Arthur Ross,Louise Ross,Washington,12/13/1960,7:34:07 PM,56.66,64,12/31/2008,Q4,H2,2008,12,December,Dec,31,Wednesday,Wed,8.58,165272,9%,372-37-5315,423-772-0118,Oneida,Scott,Oneida,TN,37841,South,caross,h&jmac@+QD?B
253573,Ms.,Sharon,E,Lopez,F,sharon.lopez@gmail.com,Daniel Lopez,Susan Lopez,Hayes,5/4/1991,6:24:30 AM,26.25,43,3/7/2014,Q1,H1,2014,3,March,Mar,7,Friday,Fri,3.39,190139,21%,064-02-2589,304-934-5548,Bartley,McDowell,Bartley,WV,24813,South,selopez,GsP~S?FYY
904898,Drs.,Ann,Q,Cooper,F,ann.cooper@exxonmobil.com,Harold Cooper,Mildred Cooper,Williams,12/25/1992,3:01:52 AM,24.61,44,2/15/2017,Q1,H1,2017,2,February,Feb,15,Wednesday,Wed,0.45,182521,30%,219-89-6310,406-278-6460,Arlee,Lake,Arlee,MT,59821,West,aqcooper,i_^#>]tFpt
515103,Ms.,Anne,A,Perez,F,anne.perez@sbcglobal.net,Douglas Perez,Doris Perez,Bailey,5/5/1958,1:44:42 AM,59.27,48,7/28/2003,Q3,H2,2003,7,July,Jul,28,Monday,Mon,14.01,114426,9%,594-99-9091,423-837-3338,Cookeville,Putnam,Cookeville,TN,38505,South,aaperez,y;n9A#}b
491943,Mrs.,Nancy,P,Howard,F,nancy.howard@gmail.com,Gregory Howard,Mildred Howard,Flores,5/5/1961,9:17:37 PM,56.27,45,2/6/1999,Q1,H1,1999,2,February,Feb,6,Saturday,Sat,18.48,101553,25%,035-74-2732,236-973-8086,Saxe,Charlotte,Saxe,VA,23967,South,nphoward,OC\&tG&?c
750173,Mr.,Antonio,R,Roberts,M,antonio.roberts@hotmail.com,Timothy Roberts,Diana Roberts,Rodriguez,8/27/1995,2:47:04 PM,21.93,82,5/1/2017,Q2,H1,2017,5,May,May,1,Monday,Mon,0.24,181646,30%,281-15-7944,205-267-7304,Mc Calla,Jefferson,Mc Calla,AL,35111,South,arroberts,h>.g!B:VcNN
687017,Ms.,Frances,P,Watson,F,frances.watson@outlook.com,Adam Watson,Diana Watson,Jones,1/30/1961,11:52:21 PM,56.53,42,8/20/2010,Q3,H2,2010,8,August,Aug,20,Friday,Fri,6.94,46945,22%,305-37-1946,406-530-8069,Trego,Lincoln,Trego,MT,59934,West,fpwatson,rjV1$at!wq53a$
241882,Ms.,Debra,G,Wood,F,debra.wood@hotmail.com,Martin Wood,Theresa Wood,Perry,10/30/1969,6:58:21 AM,47.78,54,1/10/1991,Q1,H1,1991,1,January,Jan,10,Thursday,Thu,26.56,84318,19%,342-11-6695,308-646-6219,Blair,Washington,Blair,NE,68009,Midwest,dgwood,iO8B@*yA*mG6b9o
758872,Mr.,Henry,Y,Jenkins,M,henry.jenkins@hotmail.com,Albert Jenkins,Beverly Jenkins,Murphy,11/6/1984,2:58:05 PM,32.75,70,6/21/2017,Q2,H1,2017,6,June,Jun,21,Wednesday,Wed,0.1,102384,11%,499-29-3125,314-731-7135,Riverside,Platte,Riverside,MO,64150,Midwest,hyjenkins,zPnRU5Bo
940922,Hon.,Melissa,X,Butler,F,melissa.butler@hotmail.com,Robert Butler,Anne Butler,Jackson,11/14/1994,8:44:14 AM,22.72,55,2/5/2017,Q1,H1,2017,2,February,Feb,5,Sunday,Sun,0.47,167631,30%,301-15-9149,308-827-9016,Maxwell,Lincoln,Maxwell,NE,69151,Midwest,mxbutler,hY3BqUR>6F
917937,Mr.,Todd,H,Hall,M,todd.hall@yahoo.com,Thomas Hall,Kathleen Hall,Morgan,8/31/1991,4:54:02 AM,25.93,74,5/8/2016,Q2,H1,2016,5,May,May,8,Sunday,Sun,1.22,163560,0%,633-31-1781,240-513-8668,Randallstown,Baltimore,Randallstown,MD,21133,South,thhall,Lgdb8q<0L@-/
917395,Hon.,Christopher,D,Nelson,M,christopher.nelson@aol.com,Jeffrey Nelson,Cynthia Nelson,Sanders,3/29/1960,5:56:17 PM,57.37,62,11/8/1997,Q4,H2,1997,11,November,Nov,8,Saturday,Sat,19.73,190765,0%,120-98-6155,480-946-9780,Willow Beach,Mohave,Willow Beach,AZ,86445,West,cdnelson,QKae{1EP1A[SeX
183071,Drs.,Andrea,P,Garcia,F,andrea.garcia@aol.com,Mark Garcia,Nicole Garcia,Howard,7/6/1985,12:49:53 AM,32.08,52,4/18/2010,Q2,H1,2010,4,April,Apr,18,Sunday,Sun,7.28,54179,25%,213-91-6792,219-624-3708,Granger,St. Joseph,Granger,IN,46530,Midwest,apgarcia,eI!^kXR]Q^V+
316110,Mr.,Jeremy,I,Sanchez,M,jeremy.sanchez@hotmail.com,Albert Sanchez,Patricia Sanchez,Ross,2/5/1965,4:25:09 PM,52.51,52,4/2/2006,Q2,H1,2006,4,April,Apr,2,Sunday,Sun,11.33,178847,1%,474-55-8883,423-974-2755,Alcoa,Blount,Alcoa,TN,37701,South,jisanchez,Yg#Z+:CDwDV<*xZ
293459,Mr.,Steven,J,Phillips,M,steven.phillips@hotmail.com,Jason Phillips,Gloria Phillips,Lewis,9/12/1986,5:00:38 AM,30.9,58,3/27/2015,Q1,H1,2015,3,March,Mar,27,Friday,Fri,2.34,90108,24%,578-53-9940,225-968-5952,Baton Rouge,East Baton Rouge,Baton Rouge,LA,70833,South,sjphillips,ht}X55$P&g1
732017,Ms.,Cynthia,J,Ramirez,F,cynthia.ramirez@btinternet.com,Walter Ramirez,Evelyn Ramirez,Smith,9/22/1982,10:04:25 PM,34.87,47,2/18/2009,Q1,H1,2009,2,February,Feb,18,Wednesday,Wed,8.44,90531,2%,355-08-4606,406-961-7340,Browning,Glacier,Browning,MT,59417,West,cjramirez,qP-#AhuNuz*Wb]
915638,Dr.,Jason,W,Anderson,M,jason.anderson@gmail.com,Brandon Anderson,Julia Anderson,Baker,1/3/1974,6:47:06 PM,43.59,57,9/21/1999,Q3,H2,1999,9,September,Sep,21,Tuesday,Tue,17.86,76636,19%,048-15-7937,217-856-6752,Hudson,McLean,Hudson,IL,61748,Midwest,jwanderson,a3Hlk+.V/TjD
478003,Hon.,Cynthia,X,White,F,cynthia.white@gmail.com,Nicholas White,Katherine White,Turner,6/15/1963,12:19:06 PM,54.16,60,3/4/2004,Q1,H1,2004,3,March,Mar,4,Thursday,Thu,13.41,186200,30%,364-39-4983,314-593-3092,Kansas City,Jackson,Kansas City,MO,64133,Midwest,cxwhite,mofyGR>.?Dwb4!
951225,Ms.,Margaret,N,Brooks,F,margaret.brooks@gmail.com,Johnny Brooks,Debra Brooks,Robinson,6/27/1992,6:57:19 AM,25.1,56,8/26/2016,Q3,H2,2016,8,August,Aug,26,Friday,Fri,0.92,43867,9%,057-02-6958,303-960-0117,Haswell,Kiowa,Haswell,CO,81045,West,mnbrooks,0*2k8uW&:{i{
883936,Mr.,Douglas,I,Flores,M,douglas.flores@gmail.com,Justin Flores,Kathy Flores,Ramirez,4/21/1986,1:44:47 AM,31.29,61,9/10/2009,Q3,H2,2009,9,September,Sep,10,Thursday,Thu,7.88,181793,20%,324-11-6837,303-836-4721,Eckert,Delta,Eckert,CO,81418,West,diflores,9||FLq|0tU|9>v
528673,Hon.,Paul,V,Watson,M,paul.watson@hotmail.com,Carl Watson,Anna Watson,Bennett,3/9/1959,5:19:17 AM,58.43,60,6/26/1995,Q2,H1,1995,6,June,Jun,26,Monday,Mon,22.1,145235,15%,286-15-9671,270-556-7711,Blue River,Floyd,Blue River,KY,41607,South,pvwatson,7q{iHhbgWZ7%
765850,Mrs.,Linda,R,Moore,F,linda.moore@gmail.com,Howard Moore,Diana Moore,Smith,8/18/1991,8:22:55 AM,25.96,40,5/15/2017,Q2,H1,2017,5,May,May,15,Monday,Mon,0.2,113256,18%,286-15-5442,215-793-7095,Albion,Erie,Albion,PA,16401,Northeast,lrmoore,0jj}jl_r/VmJ;
262382,Ms.,Cheryl,O,Miller,F,cheryl.miller@ntlworld.com,Gerald Miller,Christine Miller,Mitchell,4/20/1985,5:42:38 PM,32.29,48,7/30/2007,Q3,H2,2007,7,July,Jul,30,Monday,Mon,10,64143,3%,287-15-4772,270-880-3858,Bays,Breathitt,Bays,KY,41310,South,comiller,Nr-t/.^cWBO
870820,Ms.,Martha,G,Washington,F,martha.washington@aol.com,Todd Washington,Carolyn Washington,Reed,3/28/1991,5:37:33 AM,26.35,54,3/3/2017,Q1,H1,2017,3,March,Mar,3,Friday,Fri,0.4,116629,25%,416-67-0297,405-945-0242,Nardin,Kay,Nardin,OK,74646,South,mgwashington,ju$7I]eH8{-
806955,Mr.,William,G,Hernandez,M,william.hernandez@rediffmail.com,Peter Hernandez,Deborah Hernandez,Jones,7/22/1967,8:22:32 AM,50.05,50,3/21/2000,Q1,H1,2000,3,March,Mar,21,Tuesday,Tue,17.36,73734,22%,629-31-9010,239-276-0532,Mary Esther,Okaloosa,Mary Esther,FL,32569,South,wghernandez,BRB3DFywgZZ4
325319,Hon.,Carolyn,F,Price,F,carolyn.price@yahoo.com,Kevin Price,Patricia Price,Williams,5/30/1976,1:24:46 AM,41.19,60,11/5/2014,Q4,H2,2014,11,November,Nov,5,Wednesday,Wed,2.73,48736,2%,512-33-3410,217-409-4338,Wheaton,DuPage,Wheaton,IL,60189,Midwest,cfprice,K*$u@MAoH
623253,Mrs.,Ruby,Q,Stewart,F,ruby.stewart@gmail.com,Paul Stewart,Paula Stewart,Jackson,10/23/1968,12:02:38 AM,48.79,48,7/2/2017,Q3,H2,2017,7,July,Jul,2,Sunday,Sun,0.07,174774,7%,007-11-1727,218-445-2369,Margie,Koochiching,Margie,MN,56658,Midwest,rqstewart,C\RjCUPJd[Ld]
225925,Mr.,Paul,D,Cooper,M,paul.cooper@gmail.com,Nicholas Cooper,Helen Cooper,Hill,8/12/1991,11:14:26 PM,25.98,68,9/8/2014,Q3,H2,2014,9,September,Sep,8,Monday,Mon,2.89,73526,27%,613-87-0084,210-984-4722,Glidden,Colorado,Glidden,TX,78943,South,pdcooper,hW%ZbJ\fZ-
761821,Mr.,Ernest,G,Washington,M,ernest.washington@msn.com,Johnny Washington,Shirley Washington,Harris,10/28/1984,11:37:48 AM,32.77,87,1/31/2015,Q1,H1,2015,1,January,Jan,31,Saturday,Sat,2.49,176675,15%,178-86-1878,212-596-1659,Saranac Lake,Franklin,Saranac Lake,NY,12983,Northeast,egwashington,B\Wb^6W-
400173,Ms.,Dorothy,K,Edwards,F,dorothy.edwards@hotmail.co.uk,Dennis Edwards,Betty Edwards,Howard,1/19/1984,1:51:05 AM,33.55,57,12/31/2013,Q4,H2,2013,12,December,Dec,31,Tuesday,Tue,3.58,179017,1%,543-81-2192,215-902-6888,Philadelphia,Philadelphia,Philadelphia,PA,19132,Northeast,dkedwards,VWEIm3YKm65|D
802554,Mr.,Ryan,V,Alexander,M,ryan.alexander@shell.com,William Alexander,Elizabeth Alexander,Gray,8/1/1993,6:26:20 PM,24.01,65,8/31/2014,Q3,H2,2014,8,August,Aug,31,Sunday,Sun,2.91,106628,24%,017-94-7572,225-395-3347,Jarreau,Pointe Coupee,Jarreau,LA,70749,South,rvalexander,3N3]VFZx?MaC{
476433,Ms.,Lillian,N,Mitchell,F,lillian.mitchell@shaw.ca,Harry Mitchell,Marie Mitchell,Murphy,10/23/1974,6:40:13 PM,42.79,55,12/7/1999,Q4,H2,1999,12,December,Dec,7,Tuesday,Tue,17.65,149878,3%,505-59-3960,316-876-1484,Wichita,Sedgwick,Wichita,KS,67214,Midwest,lnmitchell,Ty/b@+;f
533952,Ms.,Kelly,R,Adams,F,kelly.adams@bp.com,Eric Adams,Janice Adams,Brooks,5/23/1975,1:54:27 PM,42.21,53,7/4/2013,Q3,H2,2013,7,July,Jul,4,Thursday,Thu,4.07,51878,15%,474-55-8101,405-418-0037,Meno,Major,Meno,OK,73760,South,kradams,OfK?#J|7&W\1T
623929,Prof.,Jimmy,R,Howard,M,jimmy.howard@yahoo.com,Nicholas Howard,Patricia Howard,Hayes,11/27/1966,10:37:53 AM,50.7,87,12/12/2007,Q4,H2,2007,12,December,Dec,12,Wednesday,Wed,9.63,120631,13%,610-87-0251,212-855-9316,Oriskany,Oneida,Oriskany,NY,13424,Northeast,jrhoward,0v+|SfA0Xv+Pf%
844177,Ms.,Margaret,T,Allen,F,margaret.allen@gmail.com,Michael Allen,Karen Allen,Morris,9/8/1981,10:10:26 PM,35.91,43,5/17/2013,Q2,H1,2013,5,May,May,17,Friday,Fri,4.2,180107,22%,137-25-8468,216-697-6987,Richmond Dale,Ross,Richmond Dale,OH,45673,Midwest,mtallen,oC1OHlW%Sk@%6
212893,Ms.,Janet,Y,Henderson,F,janet.henderson@ntlworld.com,Jerry Henderson,Julie Henderson,Cooper,12/24/1979,10:43:47 AM,37.62,60,12/18/2012,Q4,H2,2012,12,December,Dec,18,Tuesday,Tue,4.61,114481,5%,018-94-7340,239-769-6347,Miami,Miami-Dade,Miami,FL,33166,South,jyhenderson,g-oCs-L/za
185032,Mr.,Eugene,D,Perez,M,eugene.perez@exxonmobil.com,Jimmy Perez,Lois Perez,Hall,10/6/1979,11:02:58 AM,37.84,59,12/8/2014,Q4,H2,2014,12,December,Dec,8,Monday,Mon,2.64,122950,26%,192-86-6418,262-472-7112,Racine,Racine,Racine,WI,53490,Midwest,edperez,g]SJn<W_/#
867084,Ms.,Deborah,E,Smith,F,deborah.smith@yahoo.com,Richard Smith,Diana Smith,Bennett,10/31/1977,8:14:09 PM,39.77,54,3/4/2002,Q1,H1,2002,3,March,Mar,4,Monday,Mon,15.41,52767,28%,173-86-6203,907-279-8694,Atqasuk,North Slope,Atqasuk,AK,99791,West,desmith,C[WxHsB9
969964,Hon.,Janice,S,Parker,F,janice.parker@yahoo.com,Paul Parker,Alice Parker,Perez,1/12/1980,8:38:06 AM,37.57,56,8/23/2016,Q3,H2,2016,8,August,Aug,23,Tuesday,Tue,0.93,147641,25%,733-26-1976,314-842-5984,Whiteman Air Force Base,Johnson,Whiteman Air Force Base,MO,65305,Midwest,jsparker,8wUbWmuib
158666,Ms.,Rebecca,A,Stewart,F,rebecca.stewart@gmail.com,Roger Stewart,Carol Stewart,Cox,8/11/1961,11:08:01 PM,56,55,4/10/1983,Q2,H1,1983,4,April,Apr,10,Sunday,Sun,34.32,160043,9%,202-84-8294,209-233-7631,Independence,Inyo,Independence,CA,93526,West,rastewart,7ONuh3Zi^z#32r
489424,Dr.,Phillip,F,White,M,phillip.white@gmail.com,Harold White,Frances White,Carter,3/4/1978,11:45:07 PM,39.43,82,1/5/2016,Q1,H1,2016,1,January,Jan,5,Tuesday,Tue,1.56,181774,7%,447-27-9469,503-668-6592,Mapleton,Lane,Mapleton,OR,97453,West,pfwhite,8<Mc.5]eu.*C8.
639892,Mr.,Jose,K,Hill,M,jose.hill@hotmail.com,Carlos Hill,Anna Hill,Hayes,10/8/1994,5:23:39 AM,22.82,89,7/9/2016,Q3,H2,2016,7,July,Jul,9,Saturday,Sat,1.05,129774,15%,171-86-3825,228-245-5000,Biloxi,Harrison,Biloxi,MS,39532,South,jkhill,a_!SKb6h3?w*Mad
704709,Dr.,Harold,Z,Nelson,M,harold.nelson@gmail.com,Richard Nelson,Pamela Nelson,Smith,12/24/1984,9:00:17 PM,32.61,77,8/23/2011,Q3,H2,2011,8,August,Aug,23,Tuesday,Tue,5.93,156194,0%,456-99-2066,217-555-9216,Carol Stream,Carol Stream,Carol Stream,IL,60351,Midwest,hznelson,z/-hEz3&^q5
461593,Ms.,Nicole,O,Ward,F,nicole.ward@yahoo.com,Ralph Ward,Julia Ward,Lee,12/12/1964,7:12:20 AM,52.66,60,1/23/1989,Q1,H1,1989,1,January,Jan,23,Monday,Mon,28.53,95673,12%,196-84-2551,231-761-7861,Detroit,Wayne,Detroit,MI,48278,Midwest,noward,AUe6s0@:@]A3Ze
392491,Mrs.,Theresa,R,Murphy,F,theresa.murphy@gmail.com,George Murphy,Jacqueline Murphy,Peterson,12/30/1987,5:56:10 AM,29.6,57,8/3/2010,Q3,H2,2010,8,August,Aug,3,Tuesday,Tue,6.99,51015,11%,249-99-8801,907-356-1555,Mc Grath,Yukon-Koyukuk (CA),Mc Grath,AK,99627,West,trmurphy,V]PGw>4h9
495141,Drs.,Tammy,B,Young,F,tammy.young@comcast.net,Andrew Young,Brenda Young,Robinson,3/22/1979,10:26:52 PM,38.38,55,4/25/2015,Q2,H1,2015,4,April,Apr,25,Saturday,Sat,2.26,93650,7%,771-02-7046,231-290-3075,Alma,Gratiot,Alma,MI,48801,Midwest,tbyoung,d6!&xu12A1H^i![
